EN,UK,DE,ES,FR,IT,PL,PT,TR
Are you sure?,Ğ’Ğ¸ Ğ²Ğ¿ĞµĞ²Ğ½ĞµĞ½Ñ–?,Sind Sie sicher?,Â¿EstÃ¡s seguro?,ÃŠtes-vous sÃ»r?,Sei sicuro?,Czy jesteÅ› pewny?,Tem certeza?,Emin misiniz?
Do you want to exit the app?,Ğ’Ğ¸ Ñ…Ğ¾Ñ‡ĞµÑ‚Ğµ Ğ²Ğ¸Ğ¹Ñ‚Ğ¸ Ğ· Ğ´Ğ¾Ğ´Ğ°Ñ‚ĞºÑƒ?,MÃ¶chten Sie die App verlassen?,Â¿Quieres salir de la aplicaciÃ³n?,Voulez-vous quitter l'application?,Vuoi uscire dall'app?,Czy chcesz wyjÅ›Ä‡ z aplikacji?,Quer sair do aplicativo?,Uygulamadan Ã§Ä±kmak istiyor musunuz?
No,ĞÑ–,Nein,No,Non,No,Nie,NÃ£o,HayÄ±r
Yes,Ğ¢Ğ°Ğº,Ja,SÃ­,Oui,SÃ¬,Tak,Sim,Evet
Mysterious Santa,Ğ¢Ğ°Ñ”Ğ¼Ğ½Ğ¸Ñ‡Ğ¸Ğ¹ Ğ¡Ğ°Ğ½Ñ‚Ğ°,Geheimnisvoller Weihnachtsmann,Santa Misterioso,PÃ¨re NoÃ«l MystÃ©rieux,Babbo Natale Misterioso,Tajemniczy ÅšwiÄ™ty MikoÅ‚aj,Papai Noel Misterioso,Gizemli Noel Baba
All rooms,Ğ’ÑÑ– ĞºÑ–Ğ¼Ğ½Ğ°Ñ‚Ğ¸,Alle RÃ¤ume,Todas las salas,Toutes les salles,Tutte le stanze,Wszystkie pokoje,Todos os quartos,TÃ¼m odalar
Rooms I participate in,ĞšÑ–Ğ¼Ğ½Ğ°Ñ‚Ğ¸ Ğ² ÑĞºĞ¸Ñ… Ñ Ğ±ĞµÑ€Ñƒ ÑƒÑ‡Ğ°ÑÑ‚ÑŒ,RÃ¤ume an denen ich teilnehme,Salas en las que participo,Salles auxquelles je participe,Stanze a cui partecipo,Pokoje w ktÃ³rych uczestniczÄ™,Quartos em que participo,KatÄ±ldÄ±ÄŸÄ±m odalar
Rooms I own,ĞœĞ¾Ñ— ĞºÑ–Ğ¼Ğ½Ğ°Ñ‚Ğ¸,Meine RÃ¤ume,Mis salas,Mes salles,Le mie stanze,Moje pokoje,Meus quartos,Sahip olduÄŸum odalar
New room,ĞĞ¾Ğ²Ğ° ĞºÑ–Ğ¼Ğ½Ğ°Ñ‚Ğ°,Neuer Raum,Nueva sala,Nouvelle salle,Nuova stanza,Nowy pokÃ³j,Novo quarto,Yeni oda
You are not logged in,Ğ’Ğ¸ Ğ½Ğµ ÑƒĞ²Ñ–Ğ¹ÑˆĞ»Ğ¸ Ğ² ÑĞ¸ÑÑ‚ĞµĞ¼Ñƒ,Sie sind nicht angemeldet,No has iniciado sesiÃ³n,Vous n'Ãªtes pas connectÃ©,Non sei connesso,Nie jesteÅ› zalogowany,VocÃª nÃ£o estÃ¡ logado,GiriÅŸ yapmadÄ±nÄ±z
Room to search (not implemented yet),ĞŸĞ¾ÑˆÑƒĞº ĞºÑ–Ğ¼Ğ½Ğ°Ñ‚Ğ¸ (Ñ‰Ğµ Ğ½Ğµ Ñ€ĞµĞ°Ğ»Ñ–Ğ·Ğ¾Ğ²Ğ°Ğ½Ğ¾),Raum zu suchen (noch nicht implementiert),Sala para buscar (aÃºn no implementado),Salle Ã  rechercher (pas encore implÃ©mentÃ©),Stanza da cercare (non ancora implementato),PokÃ³j do wyszukania (jeszcze nie zaimplementowane),Quarto para pesquisar (ainda nÃ£o implementado),Aranacak oda (henÃ¼z uygulanmadÄ±)
No rooms found ğŸ˜”,ĞšÑ–Ğ¼Ğ½Ğ°Ñ‚Ğ¸ Ğ½Ğµ Ğ·Ğ½Ğ°Ğ¹Ğ´ĞµĞ½Ğ¾ ğŸ˜”,Keine RÃ¤ume gefunden ğŸ˜”,No se encontraron salas ğŸ˜”,Aucune salle trouvÃ©e ğŸ˜”,Nessuna stanza trovata ğŸ˜”,Nie znaleziono pokojÃ³w ğŸ˜”,Nenhum quarto encontrado ğŸ˜”,Oda bulunamadÄ± ğŸ˜”
Not specified,ĞĞµ Ğ²ĞºĞ°Ğ·Ğ°Ğ½Ğ¾,Nicht angegeben,No especificado,Non spÃ©cifiÃ©,Non specificato,Nie okreÅ›lono,NÃ£o especificado,BelirtilmemiÅŸ
Game Room,Ğ†Ğ³Ñ€Ğ¾Ğ²Ğ° ĞºÑ–Ğ¼Ğ½Ğ°Ñ‚Ğ°,Spielzimmer,Sala de juego,Salle de jeu,Sala giochi,PokÃ³j gier,Sala de jogos,Oyun odasÄ±
Players count,ĞšÑ–Ğ»ÑŒĞºÑ–ÑÑ‚ÑŒ Ğ³Ñ€Ğ°Ğ²Ñ†Ñ–Ğ²,Anzahl der Spieler,NÃºmero de jugadores,Nombre de joueurs,Numero di giocatori,Liczba graczy:,NÃºmero de jogadores,Oyuncu sayÄ±sÄ±
Hobbies,Ğ¥Ğ¾Ğ±Ñ–,Hobbys,Aficiones,Loisirs,Hobby,Hobby,Hobbies,Hobiler
Wishes,Ğ‘Ğ°Ğ¶Ğ°Ğ½Ğ½Ñ,WÃ¼nsche,Deseos,Souhaits,Desideri,Å»yczenia,Desejos,Dilekler
Failed to capture QR code,ĞĞµ Ğ²Ğ´Ğ°Ğ»Ğ¾ÑÑ Ğ·Ğ°Ñ…Ğ¾Ğ¿Ğ¸Ñ‚Ğ¸ QR ĞºĞ¾Ğ´,QR-Code konnte nicht erfasst werden,Error al capturar el cÃ³digo QR,Ã‰chec de la capture du code QR,Impossibile catturare il codice QR,Nie udaÅ‚o siÄ™ przechwyciÄ‡ kodu QR,Falha ao capturar cÃ³digo QR,QR kodu yakalanamadÄ±
Failed to convert QR code,ĞĞµ Ğ²Ğ´Ğ°Ğ»Ğ¾ÑÑ ĞºĞ¾Ğ½Ğ²ĞµÑ€Ñ‚ÑƒĞ²Ğ°Ñ‚Ğ¸ QR ĞºĞ¾Ğ´,QR-Code konnte nicht konvertiert werden,Error al convertir el cÃ³digo QR,Ã‰chec de la conversion du code QR,Impossibile convertire il codice QR,Nie udaÅ‚o siÄ™ przekonwertowaÄ‡ kodu QR,Falha ao converter cÃ³digo QR,QR kodu dÃ¶nÃ¼ÅŸtÃ¼rÃ¼lemedi
QR code copied to clipboard,QR ĞºĞ¾Ğ´ ÑĞºĞ¾Ğ¿Ñ–Ğ¹Ğ¾Ğ²Ğ°Ğ½Ğ¾ Ğ² Ğ±ÑƒÑ„ĞµÑ€ Ğ¾Ğ±Ğ¼Ñ–Ğ½Ñƒ,QR-Code in die Zwischenablage kopiert,CÃ³digo QR copiado al portapapeles,Code QR copiÃ© dans le presse-papiers,Codice QR copiato negli appunti,Kod QR skopiowany do schowka,CÃ³digo QR copiado para a Ã¡rea de transferÃªncia,QR kodu panoya kopyalandÄ±
Failed to copy QR code:,ĞĞµ Ğ²Ğ´Ğ°Ğ»Ğ¾ÑÑ ÑĞºĞ¾Ğ¿Ñ–ÑĞ²Ğ°Ñ‚Ğ¸ QR ĞºĞ¾Ğ´:,QR-Code konnte nicht kopiert werden:,Error al copiar el cÃ³digo QR:,Ã‰chec de la copie du code QR:,Impossibile copiare il codice QR:,Nie udaÅ‚o siÄ™ skopiowaÄ‡ kodu QR:,Falha ao copiar cÃ³digo QR:,QR kodu kopyalanamadÄ±:
Tap QR code to copy to clipboard,Ğ¢Ğ¾Ñ€ĞºĞ½Ñ–Ñ‚ÑŒÑÑ QR ĞºĞ¾Ğ´Ñƒ Ñ‰Ğ¾Ğ± ÑĞºĞ¾Ğ¿Ñ–ÑĞ²Ğ°Ñ‚Ğ¸,Tippen Sie auf den QR-Code zum Kopieren,Toca el cÃ³digo QR para copiar,Appuyez sur le code QR pour copier,Tocca il codice QR per copiare,Dotknij kod QR aby skopiowaÄ‡,Toque no cÃ³digo QR para copiar,Kopyalamak iÃ§in QR koduna dokunun
Scan QR code to join the game,Ğ’Ñ–Ğ´ÑĞºĞ°Ğ½ÑƒĞ¹Ñ‚Ğµ QR ĞºĞ¾Ğ´ Ñ‰Ğ¾Ğ± Ğ¿Ñ€Ğ¸Ñ”Ğ´Ğ½Ğ°Ñ‚Ğ¸ÑÑ,Scannen Sie den QR-Code zum Beitreten,Escanea el cÃ³digo QR para unirte,Scannez le code QR pour rejoindre,Scansiona il codice QR per unirti,Zeskanuj kod QR aby doÅ‚Ä…czyÄ‡,Escaneie o cÃ³digo QR para participar,Oyuna katÄ±lmak iÃ§in QR kodunu tarayÄ±n
About,ĞŸÑ€Ğ¾ Ğ´Ğ¾Ğ´Ğ°Ñ‚Ğ¾Ğº,Ãœber,Acerca de,Ã€ propos,Informazioni,O aplikacji,Sobre,HakkÄ±nda
Edit room,Ğ ĞµĞ´Ğ°Ğ³ÑƒĞ²Ğ°Ñ‚Ğ¸ ĞºÑ–Ğ¼Ğ½Ğ°Ñ‚Ñƒ,Raum bearbeiten,Editar sala,Modifier la salle,Modifica stanza,Edytuj pokÃ³j,Editar quarto,OdayÄ± dÃ¼zenle
Active,ĞĞºÑ‚Ğ¸Ğ²Ğ½Ğ°,Aktiv,Activo,Actif,Attivo,Aktywny,Ativo,Aktif
Room title,ĞĞ°Ğ·Ğ²Ğ° ĞºÑ–Ğ¼Ğ½Ğ°Ñ‚Ğ¸,Raumtitel,TÃ­tulo de la sala,Titre de la salle,Titolo della stanza,TytuÅ‚ pokoju,TÃ­tulo do quarto,Oda baÅŸlÄ±ÄŸÄ±
Description,ĞĞ¿Ğ¸Ñ,Beschreibung,DescripciÃ³n,Description,Descrizione,Opis,DescriÃ§Ã£o,AÃ§Ä±klama
Budget,Ğ‘ÑĞ´Ğ¶ĞµÑ‚,Budget,Presupuesto,Budget,Budget,BudÅ¼et,OrÃ§amento,BÃ¼tÃ§e
Exchange date,Ğ”Ğ°Ñ‚Ğ° Ğ¾Ğ±Ğ¼Ñ–Ğ½Ñƒ,Austauschtermin,Fecha de intercambio,Date d'Ã©change,Data di scambio,Data wymiany,Data de troca,DeÄŸiÅŸim tarihi
Enter a name of your room!,Ğ’Ğ²ĞµĞ´Ñ–Ñ‚ÑŒ Ğ½Ğ°Ğ·Ğ²Ñƒ Ğ²Ğ°ÑˆĞ¾Ñ— ĞºÑ–Ğ¼Ğ½Ğ°Ñ‚Ğ¸!,Geben Sie einen Namen fÃ¼r Ihren Raum ein!,Â¡Ingresa un nombre para tu sala!,Entrez un nom pour votre salle!,Inserisci un nome per la tua stanza!,WprowadÅº nazwÄ™ swojego pokoju!,Digite um nome para seu quarto!,OdanÄ±z iÃ§in bir isim girin!
Room saved successfully!,ĞšÑ–Ğ¼Ğ½Ğ°Ñ‚Ğ° ÑƒÑĞ¿Ñ–ÑˆĞ½Ğ¾ Ğ·Ğ±ĞµÑ€ĞµĞ¶ĞµĞ½Ğ°!,Raum erfolgreich gespeichert!,Â¡Sala guardada exitosamente!,Salle sauvegardÃ©e avec succÃ¨s!,Stanza salvata con successo!,PokÃ³j zapisany pomyÅ›lnie!,Quarto salvo com sucesso!,Oda baÅŸarÄ±yla kaydedildi!
Delete recipient?,Ğ’Ğ¸Ğ´Ğ°Ğ»Ğ¸Ñ‚Ğ¸ Ğ¾Ñ‚Ñ€Ğ¸Ğ¼ÑƒĞ²Ğ°Ñ‡Ğ°?,EmpfÃ¤nger lÃ¶schen?,Â¿Eliminar destinatario?,Supprimer le destinataire?,Eliminare il destinatario?,UsunÄ…Ä‡ odbiorcÄ™?,Excluir destinatÃ¡rio?,AlÄ±cÄ±yÄ± sil?
You need at least 2 participants to randomize the room!,Ğ’Ğ°Ğ¼ Ğ¿Ğ¾Ñ‚Ñ€Ñ–Ğ±Ğ½Ğ¾ Ñ‰Ğ¾Ğ½Ğ°Ğ¹Ğ¼ĞµĞ½ÑˆĞµ 2 ÑƒÑ‡Ğ°ÑĞ½Ğ¸ĞºĞ¸ Ñ‰Ğ¾Ğ± Ñ€Ğ°Ğ½Ğ´Ğ¾Ğ¼Ñ–Ğ·ÑƒĞ²Ğ°Ñ‚Ğ¸ ĞºÑ–Ğ¼Ğ½Ğ°Ñ‚Ñƒ!,Sie benÃ¶tigen mindestens 2 Teilnehmer um den Raum zu randomisieren!,Â¡Necesitas al menos 2 participantes para aleatorizar la sala!,Vous avez besoin d'au moins 2 participants pour randomiser la salle!,Hai bisogno di almeno 2 partecipanti per randomizzare la stanza!,Potrzebujesz co najmniej 2 uczestnikÃ³w aby zrandomizowaÄ‡ pokÃ³j!,VocÃª precisa de pelo menos 2 participantes para aleatorizar o quarto!,OdayÄ± rastgele hale getirmek iÃ§in en az 2 katÄ±lÄ±mcÄ±ya ihtiyacÄ±nÄ±z var!
Room randomized successfully!,ĞšÑ–Ğ¼Ğ½Ğ°Ñ‚Ğ° ÑƒÑĞ¿Ñ–ÑˆĞ½Ğ¾ Ñ€Ğ°Ğ½Ğ´Ğ¾Ğ¼Ñ–Ğ·Ğ¾Ğ²Ğ°Ğ½Ğ°!,Raum erfolgreich randomisiert!,Â¡Sala aleatorizada exitosamente!,Salle randomisÃ©e avec succÃ¨s!,Stanza randomizzata con successo!,PokÃ³j zrandomizowany pomyÅ›lnie!,Quarto aleatorizado com sucesso!,Oda baÅŸarÄ±yla rastgele hale getirildi!
Recipient deleted successfully!,ĞÑ‚Ñ€Ğ¸Ğ¼ÑƒĞ²Ğ°Ñ‡ ÑƒÑĞ¿Ñ–ÑˆĞ½Ğ¾ Ğ²Ğ¸Ğ´Ğ°Ğ»ĞµĞ½Ğ¸Ğ¹!,EmpfÃ¤nger erfolgreich gelÃ¶scht!,Â¡Destinatario eliminado exitosamente!,Destinataire supprimÃ© avec succÃ¨s!,Destinatario eliminato con successo!,Odbiorca usuniÄ™ty pomyÅ›lnie!,DestinatÃ¡rio excluÃ­do com sucesso!,AlÄ±cÄ± baÅŸarÄ±yla silindi!
Profile,ĞŸÑ€Ğ¾Ñ„Ñ–Ğ»ÑŒ,Profil,Perfil,Profil,Profilo,Profil,Perfil,Profil
Logout,Ğ’Ğ¸Ğ¹Ñ‚Ğ¸,Abmelden,Cerrar sesiÃ³n,Se dÃ©connecter,Disconnettersi,Wyloguj,Sair,Ã‡Ä±kÄ±ÅŸ yap
Login,Ğ£Ğ²Ñ–Ğ¹Ñ‚Ğ¸,Anmelden,Iniciar sesiÃ³n,Se connecter,Accedere,Zaloguj,Entrar,GiriÅŸ yap
Login or register to your account,Ğ£Ğ²Ñ–Ğ¹Ğ´Ñ–Ñ‚ÑŒ Ğ°Ğ±Ğ¾ Ğ·Ğ°Ñ€ĞµÑ”ÑÑ‚Ñ€ÑƒĞ¹Ñ‚ĞµÑÑ,Melden Sie sich an oder registrieren Sie sich,Inicia sesiÃ³n o regÃ­strate,Connectez-vous ou inscrivez-vous,Accedi o registrati,Zaloguj siÄ™ lub zarejestruj,Entre ou registre-se,GiriÅŸ yapÄ±n veya kayÄ±t olun
QR code for room,QR ĞºĞ¾Ğ´ Ğ´Ğ»Ñ ĞºÑ–Ğ¼Ğ½Ğ°Ñ‚Ğ¸,QR-Code fÃ¼r Raum,CÃ³digo QR para sala,Code QR pour la salle,Codice QR per la stanza,Kod QR dla pokoju,CÃ³digo QR para quarto,Oda iÃ§in QR kodu
Settings,ĞĞ°Ğ»Ğ°ÑˆÑ‚ÑƒĞ²Ğ°Ğ½Ğ½Ñ,Einstellungen,Configuraciones,ParamÃ¨tres,Impostazioni,Ustawienia,ConfiguraÃ§Ãµes,Ayarlar
Delete account ...,Ğ’Ğ¸Ğ´Ğ°Ğ»Ğ¸Ñ‚Ğ¸ Ğ°ĞºĞ°ÑƒĞ½Ñ‚ ...,Konto lÃ¶schen ...,Eliminar cuenta ...,Supprimer le compte ...,Eliminare l'account ...,UsuÅ„ konto ...,Excluir conta ...,HesabÄ± sil ...
Warning,ĞŸĞ¾Ğ¿ĞµÑ€ĞµĞ´Ğ¶ĞµĞ½Ğ½Ñ,Warnung,Advertencia,Avertissement,Avviso,OstrzeÅ¼enie,Aviso,UyarÄ±
Are you sure you want to delete your account?,Ğ’Ğ¸ Ğ²Ğ¿ĞµĞ²Ğ½ĞµĞ½Ñ– Ñ‰Ğ¾ Ñ…Ğ¾Ñ‡ĞµÑ‚Ğµ Ğ²Ğ¸Ğ´Ğ°Ğ»Ğ¸Ñ‚Ğ¸ ÑĞ²Ñ–Ğ¹ Ğ°ĞºĞ°ÑƒĞ½Ñ‚?,Sind Sie sicher dass Sie Ihr Konto lÃ¶schen mÃ¶chten?,Â¿EstÃ¡s seguro de que quieres eliminar tu cuenta?,ÃŠtes-vous sÃ»r de vouloir supprimer votre compte?,Sei sicuro di voler eliminare il tuo account?,Czy na pewno chcesz usunÄ…Ä‡ swoje konto?,Tem certeza de que deseja excluir sua conta?,HesabÄ±nÄ±zÄ± silmek istediÄŸinizden emin misiniz?
First name,Ğ†Ğ¼'Ñ,Vorname,Nombre,PrÃ©nom,Nome,ImiÄ™,Primeiro nome,Ad
Second name,ĞŸÑ€Ñ–Ğ·Ğ²Ğ¸Ñ‰Ğµ,Nachname,Apellido,Nom de famille,Cognome,Nazwisko,Sobrenome,SoyadÄ±
Phone number,ĞĞ¾Ğ¼ĞµÑ€ Ñ‚ĞµĞ»ĞµÑ„Ğ¾Ğ½Ñƒ,Telefonnummer,NÃºmero de telÃ©fono,NumÃ©ro de tÃ©lÃ©phone,Numero di telefono,Numer telefonu,NÃºmero de telefone,Telefon numarasÄ±
Sex,Ğ¡Ñ‚Ğ°Ñ‚ÑŒ,Geschlecht,Sexo,Sexe,Sesso,PÅ‚eÄ‡,Sexo,Cinsiyet
Language,ĞœĞ¾Ğ²Ğ°,Sprache,Idioma,Langue,Lingua,JÄ™zyk,Idioma,Dil
Year of birth,Ğ Ñ–Ğº Ğ½Ğ°Ñ€Ğ¾Ğ´Ğ¶ĞµĞ½Ğ½Ñ,Geburtsjahr,AÃ±o de nacimiento,AnnÃ©e de naissance,Anno di nascita,Rok urodzenia,Ano de nascimento,DoÄŸum yÄ±lÄ±
Hobby,Ğ¥Ğ¾Ğ±Ñ–,Hobby,AficiÃ³n,Loisir,Hobby,Hobby,Hobby,Hobi
Delivery service,Ğ¡Ğ»ÑƒĞ¶Ğ±Ğ° Ğ´Ğ¾ÑÑ‚Ğ°Ğ²ĞºĞ¸,Lieferdienst,Servicio de entrega,Service de livraison,Servizio di consegna,UsÅ‚uga dostawy,ServiÃ§o de entrega,Teslimat servisi
Selfie?,Ğ¡ĞµĞ»Ñ„Ñ–?,Selfie?,Â¿Selfie?,Selfie?,Selfie?,Selfie?,Selfie?,Selfie?
Tap to take a selfie,Ğ¢Ğ¾Ñ€ĞºĞ½Ñ–Ñ‚ÑŒÑÑ Ñ‰Ğ¾Ğ± Ğ·Ñ€Ğ¾Ğ±Ğ¸Ñ‚Ğ¸ ÑĞµĞ»Ñ„Ñ–,Tippen Sie um ein Selfie zu machen,Toca para tomar una selfie,Appuyez pour prendre un selfie,Tocca per scattare un selfie,Dotknij aby zrobiÄ‡ selfie,Toque para tirar uma selfie,Selfie Ã§ekmek iÃ§in dokunun
My wishlist,ĞœÑ–Ğ¹ ÑĞ¿Ğ¸ÑĞ¾Ğº Ğ±Ğ°Ğ¶Ğ°Ğ½ÑŒ,Meine Wunschliste,Mi lista de deseos,Ma liste de souhaits,La mia lista dei desideri,Moja lista Å¼yczeÅ„,Minha lista de desejos,Dilek listem
Post index,ĞŸĞ¾ÑˆÑ‚Ğ¾Ğ²Ğ¸Ğ¹ Ñ–Ğ½Ğ´ĞµĞºÑ,Postleitzahl,CÃ³digo postal,Code postal,Codice postale,Kod pocztowy,CÃ³digo postal,Posta kodu
Address,ĞĞ´Ñ€ĞµÑĞ°,Adresse,DirecciÃ³n,Adresse,Indirizzo,Adres,EndereÃ§o,Adres
Area,ĞĞ±Ğ»Ğ°ÑÑ‚ÑŒ,Bereich,Ãrea,Zone,Area,Obszar,Ãrea,BÃ¶lge
City,ĞœÑ–ÑÑ‚Ğ¾,Stadt,Ciudad,Ville,CittÃ ,Miasto,Cidade,Åehir
Warehouse,Ğ¡ĞºĞ»Ğ°Ğ´,Lager,AlmacÃ©n,EntrepÃ´t,Magazzino,Magazyn,ArmazÃ©m,Depo
Delete selfie?,Ğ’Ğ¸Ğ´Ğ°Ğ»Ğ¸Ñ‚Ğ¸ ÑĞµĞ»Ñ„Ñ–?,Selfie lÃ¶schen?,Â¿Eliminar selfie?,Supprimer le selfie?,Eliminare il selfie?,UsunÄ…Ä‡ selfie?,Excluir selfie?,Selfie'yi sil?
Are you sure you want to delete your selfie?,Ğ’Ğ¸ Ğ²Ğ¿ĞµĞ²Ğ½ĞµĞ½Ñ– Ñ‰Ğ¾ Ñ…Ğ¾Ñ‡ĞµÑ‚Ğµ Ğ²Ğ¸Ğ´Ğ°Ğ»Ğ¸Ñ‚Ğ¸ ÑĞ²Ğ¾Ñ” ÑĞµĞ»Ñ„Ñ–?,Sind Sie sicher dass Sie Ihr Selfie lÃ¶schen mÃ¶chten?,Â¿EstÃ¡s seguro de que quieres eliminar tu selfie?,ÃŠtes-vous sÃ»r de vouloir supprimer votre selfie?,Sei sicuro di voler eliminare il tuo selfie?,Czy na pewno chcesz usunÄ…Ä‡ swoje selfie?,Tem certeza de que deseja excluir sua selfie?,Selfie'nizi silmek istediÄŸinizden emin misiniz?
Cancel,Ğ¡ĞºĞ°ÑÑƒĞ²Ğ°Ñ‚Ğ¸,Abbrechen,Cancelar,Annuler,Annulla,Anuluj,Cancelar,Ä°ptal
Delete,Ğ’Ğ¸Ğ´Ğ°Ğ»Ğ¸Ñ‚Ğ¸,LÃ¶schen,Eliminar,Supprimer,Eliminare,UsuÅ„,Excluir,Sil
Delete your wish?,Ğ’Ğ¸Ğ´Ğ°Ğ»Ğ¸Ñ‚Ğ¸ Ğ²Ğ°ÑˆĞµ Ğ±Ğ°Ğ¶Ğ°Ğ½Ğ½Ñ?,Ihren Wunsch lÃ¶schen?,Â¿Eliminar tu deseo?,Supprimer votre souhait?,Eliminare il tuo desiderio?,UsunÄ…Ä‡ swoje Å¼yczenie?,Excluir seu desejo?,DileÄŸinizi sil?
Are you sure you want to delete this wish?,Ğ’Ğ¸ Ğ²Ğ¿ĞµĞ²Ğ½ĞµĞ½Ñ– Ñ‰Ğ¾ Ñ…Ğ¾Ñ‡ĞµÑ‚Ğµ Ğ²Ğ¸Ğ´Ğ°Ğ»Ğ¸Ñ‚Ğ¸ Ñ†Ğµ Ğ±Ğ°Ğ¶Ğ°Ğ½Ğ½Ñ?,Sind Sie sicher dass Sie diesen Wunsch lÃ¶schen mÃ¶chten?,Â¿EstÃ¡s seguro de que quieres eliminar este deseo?,ÃŠtes-vous sÃ»r de vouloir supprimer ce souhait?,Sei sicuro di voler eliminare questo desiderio?,Czy na pewno chcesz usunÄ…Ä‡ to Å¼yczenie?,Tem certeza de que deseja excluir este desejo?,Bu dileÄŸi silmek istediÄŸinizden emin misiniz?
Register or login,Ğ—Ğ°Ñ€ĞµÑ”ÑÑ‚Ñ€ÑƒĞ²Ğ°Ñ‚Ğ¸ÑÑ Ğ°Ğ±Ğ¾ ÑƒĞ²Ñ–Ğ¹Ñ‚Ğ¸,Registrieren oder anmelden,Registrarse o iniciar sesiÃ³n,S'inscrire ou se connecter,Registrarsi o accedere,Zarejestruj siÄ™ lub zaloguj,Registrar ou entrar,KayÄ±t ol veya giriÅŸ yap
Enter a valid email,Ğ’Ğ²ĞµĞ´Ñ–Ñ‚ÑŒ Ğ´Ñ–Ğ¹ÑĞ½Ñƒ ĞµĞ»ĞµĞºÑ‚Ñ€Ğ¾Ğ½Ğ½Ñƒ Ğ¿Ğ¾ÑˆÑ‚Ñƒ,Geben Sie eine gÃ¼ltige E-Mail ein,Ingresa un email vÃ¡lido,Entrez un email valide,Inserisci un'email valida,WprowadÅº prawidÅ‚owy email,Digite um email vÃ¡lido,GeÃ§erli bir e-posta girin
Email,Ğ•Ğ»ĞµĞºÑ‚Ñ€Ğ¾Ğ½Ğ½Ğ° Ğ¿Ğ¾ÑˆÑ‚Ğ°,E-Mail,Correo electrÃ³nico,E-mail,Email,Email,E-mail,E-posta
Enter a valid password,Ğ’Ğ²ĞµĞ´Ñ–Ñ‚ÑŒ Ğ´Ñ–Ğ¹ÑĞ½Ğ¸Ğ¹ Ğ¿Ğ°Ñ€Ğ¾Ğ»ÑŒ,Geben Sie ein gÃ¼ltiges Passwort ein,Ingresa una contraseÃ±a vÃ¡lida,Entrez un mot de passe valide,Inserisci una password valida,WprowadÅº prawidÅ‚owe hasÅ‚o,Digite uma senha vÃ¡lida,GeÃ§erli bir ÅŸifre girin
Password,ĞŸĞ°Ñ€Ğ¾Ğ»ÑŒ,Passwort,ContraseÃ±a,Mot de passe,Password,HasÅ‚o,Senha,Åifre
Enter a valid email and password,Ğ’Ğ²ĞµĞ´Ñ–Ñ‚ÑŒ Ğ´Ñ–Ğ¹ÑĞ½Ñƒ Ğ¿Ğ¾ÑˆÑ‚Ñƒ Ñ‚Ğ° Ğ¿Ğ°Ñ€Ğ¾Ğ»ÑŒ,Geben Sie eine gÃ¼ltige E-Mail und ein Passwort ein,Ingresa un email y contraseÃ±a vÃ¡lidos,Entrez un email et un mot de passe valides,Inserisci un'email e una password valide,WprowadÅº prawidÅ‚owy email i hasÅ‚o,Digite um email e senha vÃ¡lidos,GeÃ§erli bir e-posta ve ÅŸifre girin
I forgot my password,Ğ¯ Ğ·Ğ°Ğ±ÑƒĞ² ÑĞ²Ñ–Ğ¹ Ğ¿Ğ°Ñ€Ğ¾Ğ»ÑŒ,Ich habe mein Passwort vergessen,OlvidÃ© mi contraseÃ±a,J'ai oubliÃ© mon mot de passe,Ho dimenticato la mia password,ZapomniaÅ‚em hasÅ‚a,Esqueci minha senha,Åifremi unuttum
Enter your e-mail!,Ğ’Ğ²ĞµĞ´Ñ–Ñ‚ÑŒ Ğ²Ğ°ÑˆÑƒ ĞµĞ»ĞµĞºÑ‚Ñ€Ğ¾Ğ½Ğ½Ñƒ Ğ¿Ğ¾ÑˆÑ‚Ñƒ!,Geben Sie Ihre E-Mail ein!,Â¡Ingresa tu correo electrÃ³nico!,Entrez votre e-mail!,Inserisci la tua email!,WprowadÅº swÃ³j e-mail!,Digite seu e-mail!,E-postanÄ±zÄ± girin!
Enter a valid e-mail!,Ğ’Ğ²ĞµĞ´Ñ–Ñ‚ÑŒ Ğ´Ñ–Ğ¹ÑĞ½Ñƒ ĞµĞ»ĞµĞºÑ‚Ñ€Ğ¾Ğ½Ğ½Ñƒ Ğ¿Ğ¾ÑˆÑ‚Ñƒ!,Geben Sie eine gÃ¼ltige E-Mail ein!,Â¡Ingresa un correo electrÃ³nico vÃ¡lido!,Entrez un e-mail valide!,Inserisci un'email valida!,WprowadÅº prawidÅ‚owy e-mail!,Digite um e-mail vÃ¡lido!,GeÃ§erli bir e-posta girin!
Wait for the e-mail with your password!,Ğ§ĞµĞºĞ°Ğ¹Ñ‚Ğµ Ğ½Ğ° ĞµĞ»ĞµĞºÑ‚Ñ€Ğ¾Ğ½Ğ½Ñƒ Ğ¿Ğ¾ÑˆÑ‚Ñƒ Ğ· Ğ²Ğ°ÑˆĞ¸Ğ¼ Ğ¿Ğ°Ñ€Ğ¾Ğ»ĞµĞ¼!,Warten Sie auf die E-Mail mit Ihrem Passwort!,Â¡Espera el correo electrÃ³nico con tu contraseÃ±a!,Attendez l'e-mail avec votre mot de passe!,Aspetta l'email con la tua password!,Czekaj na e-mail z hasÅ‚em!,Aguarde o e-mail com sua senha!,Åifrenizin olduÄŸu e-postayÄ± bekleyin!
Error,ĞŸĞ¾Ğ¼Ğ¸Ğ»ĞºĞ°,Fehler,Error,Erreur,Errore,BÅ‚Ä…d,Erro,Hata
Wish,Ğ‘Ğ°Ğ¶Ğ°Ğ½Ğ½Ñ,Wunsch,Deseo,Souhait,Desiderio,Å»yczenie,Desejo,Dilek
Title,Ğ—Ğ°Ğ³Ğ¾Ğ»Ğ¾Ğ²Ğ¾Ğº,Titel,TÃ­tulo,Titre,Titolo,TytuÅ‚,TÃ­tulo,BaÅŸlÄ±k
URL,URL,URL,URL,URL,URL,URL,URL,URL
Theme,Ğ¢ĞµĞ¼Ğ°,Thema,Tema,ThÃ¨me,Tema,Motyw,Tema,Tema
Light theme,Ğ¡Ğ²Ñ–Ñ‚Ğ»Ğ° Ñ‚ĞµĞ¼Ğ°,Helles Thema,Tema claro,ThÃ¨me clair,Tema chiaro,Jasny motyw,Tema claro,AÃ§Ä±k tema
Dark theme,Ğ¢ĞµĞ¼Ğ½Ğ° Ñ‚ĞµĞ¼Ğ°,Dunkles Thema,Tema oscuro,ThÃ¨me sombre,Tema scuro,Ciemny motyw,Tema escuro,Koyu tema
System theme,Ğ¡Ğ¸ÑÑ‚ĞµĞ¼Ğ½Ğ° Ñ‚ĞµĞ¼Ğ°,System-Thema,Tema del sistema,ThÃ¨me systÃ¨me,Tema di sistema,Motyw systemowy,Tema do sistema,Sistem temasÄ±
You are not in game yet,Ğ’Ğ¸ Ñ‰Ğµ Ğ½Ğµ Ğ² Ğ³Ñ€Ñ–,Sie sind noch nicht im Spiel,AÃºn no estÃ¡s en el juego,Vous n'Ãªtes pas encore dans le jeu,Non sei ancora nel gioco,Nie jesteÅ› jeszcze w grze,VocÃª ainda nÃ£o estÃ¡ no jogo,HenÃ¼z oyunda deÄŸilsiniz
Your recipient hasn't been selected yet,Ğ’Ğ°Ñˆ Ğ¾Ñ‚Ñ€Ğ¸Ğ¼ÑƒĞ²Ğ°Ñ‡ Ñ‰Ğµ Ğ½Ğµ Ğ¾Ğ±Ñ€Ğ°Ğ½Ğ¸Ğ¹,Ihr EmpfÃ¤nger wurde noch nicht ausgewÃ¤hlt,Tu destinatario aÃºn no ha sido seleccionado,Votre destinataire n'a pas encore Ã©tÃ© sÃ©lectionnÃ©,Il tuo destinatario non Ã¨ ancora stato selezionato,TwÃ³j odbiorca nie zostaÅ‚ jeszcze wybrany,Seu destinatÃ¡rio ainda nÃ£o foi selecionado,AlÄ±cÄ±nÄ±z henÃ¼z seÃ§ilmedi
Are you sure to remove this dictionary?,Ğ’Ğ¸ Ğ²Ğ¿ĞµĞ²Ğ½ĞµĞ½Ñ– Ñ‰Ğ¾ Ñ…Ğ¾Ñ‡ĞµÑ‚Ğµ Ğ²Ğ¸Ğ´Ğ°Ğ»Ğ¸Ñ‚Ğ¸ Ñ†ĞµĞ¹ ÑĞ»Ğ¾Ğ²Ğ½Ğ¸Ğº?,Sind Sie sicher dass Sie dieses WÃ¶rterbuch entfernen mÃ¶chten?,Â¿EstÃ¡s seguro de que quieres eliminar este diccionario?,ÃŠtes-vous sÃ»r de vouloir supprimer ce dictionnaire?,Sei sicuro di voler rimuovere questo dizionario?,Czy na pewno chcesz usunÄ…Ä‡ ten sÅ‚ownik?,Tem certeza de que deseja remover este dicionÃ¡rio?,Bu sÃ¶zlÃ¼ÄŸÃ¼ kaldÄ±rmak istediÄŸinizden emin misiniz?
Close,Ğ—Ğ°ĞºÑ€Ğ¸Ñ‚Ğ¸,SchlieÃŸen,Cerrar,Fermer,Chiudi,Zamknij,Fechar,Kapat
Message,ĞŸĞ¾Ğ²Ñ–Ğ´Ğ¾Ğ¼Ğ»ĞµĞ½Ğ½Ñ,Nachricht,Mensaje,Message,Messaggio,WiadomoÅ›Ä‡,Mensagem,Mesaj
Copy room link,ĞšĞ¾Ğ¿Ñ–ÑĞ²Ğ°Ñ‚Ğ¸ Ğ¿Ğ¾ÑĞ¸Ğ»Ğ°Ğ½Ğ½Ñ Ğ½Ğ° ĞºÑ–Ğ¼Ğ½Ğ°Ñ‚Ñƒ,Raumlink kopieren,Copiar enlace de sala,Copier le lien de la salle,Copia link stanza,Kopiuj link pokoju,Copiar link do quarto,Oda baÄŸlantÄ±sÄ±nÄ± kopyala
Room link copied to clipboard,ĞŸĞ¾ÑĞ¸Ğ»Ğ°Ğ½Ğ½Ñ Ğ½Ğ° ĞºÑ–Ğ¼Ğ½Ğ°Ñ‚Ñƒ ÑĞºĞ¾Ğ¿Ñ–Ğ¹Ğ¾Ğ²Ğ°Ğ½Ğ¾,Raumlink in Zwischenablage kopiert,Enlace de sala copiado al portapapeles,Lien de salle copiÃ© dans le presse-papiers,Link stanza copiato negli appunti,Link pokoju skopiowany do schowka,Link do quarto copiado para Ã¡rea de transferÃªncia,Oda baÄŸlantÄ±sÄ± panoya kopyalandÄ±
Are you sure you want to unenroll from this room?,Ğ’Ğ¸ Ğ²Ğ¿ĞµĞ²Ğ½ĞµĞ½Ñ– Ñ‰Ğ¾ Ñ…Ğ¾Ñ‡ĞµÑ‚Ğµ Ğ²Ğ¸Ğ¹Ñ‚Ğ¸ Ğ· Ñ†Ñ–Ñ”Ñ— ĞºÑ–Ğ¼Ğ½Ğ°Ñ‚Ğ¸?,Sind Sie sicher dass Sie aus diesem Raum austreten mÃ¶chten?,Â¿EstÃ¡s seguro de que quieres salir de esta sala?,ÃŠtes-vous sÃ»r de vouloir quitter cette salle?,Sei sicuro di voler uscire da questa stanza?,Czy na pewno chcesz opuÅ›ciÄ‡ ten pokÃ³j?,Tem certeza de que deseja sair deste quarto?,Bu odayÄ± terk etmek istediÄŸinizden emin misiniz?
Successfully logged in with Google,Ğ£ÑĞ¿Ñ–ÑˆĞ½Ğ¾ ÑƒĞ²Ñ–Ğ¹ÑˆĞ»Ğ¸ Ğ² ÑĞ¸ÑÑ‚ĞµĞ¼Ñƒ Ğ·Ğ° Ğ´Ğ¾Ğ¿Ğ¾Ğ¼Ğ¾Ğ³Ğ¾Ñ Google,Erfolgreich mit Google eingeloggt,IniciÃ³ sesiÃ³n con Google exitosamente,Connexion rÃ©ussie avec Google,Accesso con Google effettuato con successo,PomyÅ›lnie zalogowano za pomocÄ… Google,Login realizado com sucesso com o Google,Google ile baÅŸarÄ±yla giriÅŸ yapÄ±ldÄ±
Communication and support,ĞšĞ¾Ğ¼ÑƒĞ½Ñ–ĞºĞ°Ñ†Ñ–Ñ Ñ‚Ğ° Ğ¿Ñ–Ğ´Ñ‚Ñ€Ğ¸Ğ¼ĞºĞ°,Kommunikation und Support,ComunicaciÃ³n y soporte,Communication et support,Comunicazione e supporto,Komunikacja i wsparcie,ComunicaÃ§Ã£o e suporte,Ä°letiÅŸim ve destek,Ä°letiÅŸim ve destek
Telegram group,Telegram Ğ³Ñ€ÑƒĞ¿Ğ°,Telegram-Gruppe,Grupo de Telegram,Groupe Telegram,Gruppo Telegram,Grupa Telegram,Grupo de Telegram,Telegram grubu